tournament_id,team_id,team_name,year,top5_league_count,connectivity,population,gdp_usd,gdp_per_capita,fifa_rank
WC-2002,T-03,Argentina,2002,18,8,37624825,268696750000,7141.48,2
WC-2002,T-06,Belgium,2002,7,3,10286570,236746141604,23015.07,23
WC-2002,T-09,Brazil,2002,10,0,176301203,559983634799,3176.29,2
WC-2002,T-11,Cameroon,2002,13,1,15309490,10953485345,715.47,17
WC-2002,T-14,China,2002,0,0,1271850000,1339400897105,1053.11,50
WC-2002,T-17,Costa Rica,2002,1,0,4008947,15976174337,3985.13,29
WC-2002,T-18,Croatia,2002,13,2,4299642,23062561237,5363.83,21
WC-2002,T-22,Denmark,2002,9,1,5358783,164791442543,30751.65,20
WC-2002,T-25,Ecuador,2002,1,0,12910740,23127055000,1791.3,35
WC-2002,T-28,England,2002,23,22,49837884,1418851446668,28469.34,12
WC-2002,T-30,France,2002,23,10,61364377,1377657339291,22450.44,1
WC-2002,T-31,Germany,2002,23,26,82349925,1945790973803,23628.33,11
WC-2002,T-41,Italy,2002,23,32,56976981,1168023426056,20499.92,6
WC-2002,T-44,Japan,2002,2,0,127149000,4374711694091,34406.18,32
WC-2002,T-46,Mexico,2002,4,0,100099099,796064590656,7952.76,7
WC-2002,T-50,Nigeria,2002,6,1,129862595,73557840064,566.43,27
WC-2002,T-55,Paraguay,2002,2,0,5187689,8495806432,1637.69,18
WC-2002,T-57,Poland,2002,8,1,38248076,190905493539,4991.24,38
WC-2002,T-58,Portugal,2002,8,0,10362722,121604107165,11734.76,5
WC-2002,T-60,Republic of Ireland,2002,17,9,3866243,109346669230,28282.41,15
WC-2002,T-62,Russia,2002,5,1,145976482,306602070621,2100.35,27
WC-2002,T-63,Saudi Arabia,2002,0,0,17041397,184137600000,10805.31,34
WC-2002,T-65,Senegal,2002,17,12,10212942,6507824829,637.21,42
WC-2002,T-69,Slovenia,2002,4,0,1992060,20876309970,10479.76,25
WC-2002,T-70,South Africa,2002,4,0,47566800,135429905923,2847.15,37
WC-2002,T-71,South Korea,2002,1,0,47370164,547656279895,11561.21,40
WC-2002,T-73,Spain,2002,23,23,40850412,627830029412,15369.0,8
WC-2002,T-74,Sweden,2002,10,1,8895960,242395852494,27247.86,19
WC-2002,T-79,Tunisia,2002,2,0,9869677,22065832449,2235.72,30
WC-2002,T-80,Turkey,2002,10,2,66245128,201753123807,3045.55,22
WC-2002,T-83,United States,2002,8,0,284968955,10581929000000,37133.62,13
WC-2002,T-84,Uruguay,2002,13,4,3274251,20898761742,6382.76,24
WC-2006,T-02,Angola,2006,0,0,19291161,36970900884,1916.47,57
WC-2006,T-03,Argentina,2006,14,4,39216789,198737095012,5067.65,9
WC-2006,T-04,Australia,2006,8,1,20176844,695692898677,34479.77,42
WC-2006,T-09,Brazil,2006,16,11,184688101,891633839853,4827.78,1
WC-2006,T-17,Costa Rica,2006,0,0,4261240,20040642477,4703.01,26
WC-2006,T-18,Croatia,2006,7,1,4310145,45025679590,10446.44,23
WC-2006,T-20,Czech Republic,2006,11,1,10211216,137143471328,13430.67,2
WC-2006,T-25,Ecuador,2006,2,0,13846163,40278849000,2909.03,39
WC-2006,T-28,England,2006,23,25,50918217,2187134800000,42953.88,10
WC-2006,T-30,France,2006,19,7,63180854,2196945232436,34772.33,8
WC-2006,T-31,Germany,2006,16,8,82469422,2846864211175,34520.24,19
WC-2006,T-32,Ghana,2006,4,0,22449438,10744568381,478.61,48
WC-2006,T-38,Iran,2006,2,0,71828455,226452138296,3152.68,23
WC-2006,T-41,Italy,2006,18,22,58166682,1858217147204,31946.42,13
WC-2006,T-42,Ivory Coast,2006,12,1,20068458,24036918703,1197.75,32
WC-2006,T-44,Japan,2006,4,0,127773000,4831467035390,37812.9,18
WC-2006,T-46,Mexico,2006,1,0,105811504,917571853529,8671.76,4
WC-2006,T-48,Netherlands,2006,8,2,16319868,685348181516,41994.71,3
WC-2006,T-55,Paraguay,2006,2,0,5448097,10737500188,1970.87,33
WC-2006,T-57,Poland,2006,2,0,38165445,306145944825,8021.55,29
WC-2006,T-58,Portugal,2006,10,1,10503330,197253876705,18780.13,7
WC-2006,T-63,Saudi Arabia,2006,0,0,20559890,328459608764,15975.75,34
WC-2006,T-67,Serbia and Montenegro,2006,4,0,8055030,29940400440,3716.98,44
WC-2006,T-71,South Korea,2006,3,0,48184561,934901071333,19402.5,29
WC-2006,T-73,Spain,2006,18,15,43653155,1153715822718,26429.15,5
WC-2006,T-74,Sweden,2006,5,0,9029572,392218088879,43437.06,16
WC-2006,T-75,Switzerland,2006,11,2,7437115,418284865885,56242.89,35
WC-2006,T-77,Togo,2006,3,0,5844631,3221910408,551.26,61
WC-2006,T-78,Trinidad and Tobago,2006,1,0,1294494,15982282462,12346.35,47
WC-2006,T-79,Tunisia,2006,4,0,10255472,32272186695,3146.83,21
WC-2006,T-81,Ukraine,2006,2,0,47585556,89238865119,1875.34,45
WC-2006,T-83,United States,2006,4,0,295516599,13039197000000,44123.4,5
WC-2010,T-01,Algeria,2010,8,1,35490445,150317292079,4235.43,30
WC-2010,T-03,Argentina,2010,13,2,40854831,332976484578,8150.24,7
WC-2010,T-04,Australia,2010,5,1,21691653,928762122698,42816.57,20
WC-2010,T-09,Brazil,2010,15,6,192079951,1666996438681,8678.66,1
WC-2010,T-11,Cameroon,2010,9,1,19113974,27932970297,1461.39,19
WC-2010,T-13,Chile,2010,5,1,17009731,171777900623,10098.8,18
WC-2010,T-22,Denmark,2010,9,1,5523095,321241303699,58163.28,36
WC-2010,T-28,England,2010,21,22,52498896,2075042405359,39525.45,8
WC-2010,T-30,France,2010,18,12,64706436,2700887366932,41740.63,9
WC-2010,T-31,Germany,2010,20,29,81902307,3411261212652,41650.37,6
WC-2010,T-32,Ghana,2010,9,1,24862664,26048720006,1047.7,32
WC-2010,T-33,Greece,2010,5,0,11107017,331308500253,29828.76,13
WC-2010,T-35,Honduras,2010,4,1,8189899,14587496229,1781.16,38
WC-2010,T-41,Italy,2010,22,24,59555454,2199928804119,36939.17,5
WC-2010,T-42,Ivory Coast,2010,14,2,21997940,33886813250,1540.45,27
WC-2010,T-44,Japan,2010,5,0,128047000,5289493117994,41309.0,45
WC-2010,T-46,Mexico,2010,3,0,111999721,943437415025,8423.57,17
WC-2010,T-48,Netherlands,2010,10,2,16530388,871518638049,52722.21,4
WC-2010,T-49,New Zealand,2010,1,0,4302600,121373602349,28209.36,78
WC-2010,T-50,Nigeria,2010,10,1,162049464,295008835381,1820.49,21
WC-2010,T-51,North Korea,2010,0,0,24878332,,,105
WC-2010,T-55,Paraguay,2010,7,1,5671236,22355151162,3941.85,31
WC-2010,T-58,Portugal,2010,11,4,10568247,244667762836,23151.22,3
WC-2010,T-66,Serbia,2010,12,1,7320807,45162894381,6169.11,15
WC-2010,T-68,Slovakia,2010,8,0,5386406,89399303222,16597.21,34
WC-2010,T-69,Slovenia,2010,7,1,2039669,50567734886,24792.13,25
WC-2010,T-70,South Africa,2010,2,0,51728516,329754060647,6374.71,83
WC-2010,T-71,South Korea,2010,3,0,49307835,943941876219,19143.85,47
WC-2010,T-73,Spain,2010,21,35,46362946,1491472923707,32169.5,2
WC-2010,T-75,Switzerland,2010,14,1,7743831,554212916092,71568.31,24
WC-2010,T-83,United States,2010,10,1,306771529,14478067000000,47194.95,14
WC-2010,T-84,Uruguay,2010,7,0,3310091,32708319078,9881.4,16
WC-2014,T-01,Algeria,2014,8,0,38414171,229701430292,5979.6,22
WC-2014,T-03,Argentina,2014,13,6,42582455,552025140252,12963.68,5
WC-2014,T-04,Australia,2014,2,0,23128129,1577301840200,68198.42,62
WC-2014,T-06,Belgium,2014,16,11,11159407,521791015247,46757.95,11
WC-2014,T-08,Bosnia and Herzegovina,2014,10,0,3610859,18179108531,5034.57,21
WC-2014,T-09,Brazil,2014,16,8,198478299,2472819535743,12458.89,3
WC-2014,T-11,Cameroon,2014,7,0,21402376,33728621190,1575.93,56
WC-2014,T-13,Chile,2014,10,1,17687006,277395018837,15683.55,14
WC-2014,T-16,Colombia,2014,12,0,46151584,382093697078,8279.1,8
WC-2014,T-17,Costa Rica,2014,3,0,4716147,50949668841,10803.24,28
WC-2014,T-18,Croatia,2014,12,0,4233922,59589170668,14074.22,18
WC-2014,T-25,Ecuador,2014,2,0,15807128,96570334000,6109.29,26
WC-2014,T-28,England,2014,22,25,54069177,2394974012179,44294.63,10
WC-2014,T-30,France,2014,22,16,65997932,2811876903329,42605.53,17
WC-2014,T-31,Germany,2014,23,32,80645605,3733804649549,46298.92,2
WC-2014,T-32,Ghana,2014,10,3,27386193,62824629066,2294.03,37
WC-2014,T-33,Greece,2014,7,0,10965211,238907690051,21787.79,12
WC-2014,T-35,Honduras,2014,2,0,8889278,18499729215,2081.13,33
WC-2014,T-38,Iran,2014,1,0,80414686,492775566426,6127.93,43
WC-2014,T-41,Italy,2014,22,25,60311613,2141924094299,35514.29,9
WC-2014,T-42,Ivory Coast,2014,12,2,23939775,42760235485,1786.16,23
WC-2014,T-44,Japan,2014,10,1,127445000,5212328181166,40898.65,46
WC-2014,T-46,Mexico,2014,5,1,118343573,1327436290283,11216.8,20
WC-2014,T-48,Netherlands,2014,8,1,16804432,877172824535,52198.9,15
WC-2014,T-50,Nigeria,2014,6,0,181049443,520117180314,2872.79,44
WC-2014,T-58,Portugal,2014,9,6,10457295,226433858006,21653.2,4
WC-2014,T-62,Russia,2014,0,0,143805638,2292470078346,15941.45,19
WC-2014,T-71,South Korea,2014,7,2,50428893,1370632955321,27179.52,57
WC-2014,T-73,Spain,2014,21,31,46604197,1355579535913,29087.07,1
WC-2014,T-75,Switzerland,2014,15,5,8089346,706234937371,87304.33,6
WC-2014,T-83,United States,2014,10,0,316726282,16880683000000,53297.39,13
WC-2014,T-84,Uruguay,2014,11,1,3345337,61337621934,18335.26,7
WC-2018,T-03,Argentina,2018,13,5,44288894,643628393281,14532.5,5
WC-2018,T-04,Australia,2018,3,0,24592588,1326882104817,53954.55,36
WC-2018,T-06,Belgium,2018,20,8,11375158,502764720556,44198.48,3
WC-2018,T-09,Brazil,2018,17,12,204703445,2063514977334,10080.51,2
WC-2018,T-16,Colombia,2018,12,0,48131078,311866875157,6479.53,16
WC-2018,T-17,Costa Rica,2018,5,0,4913177,60516044657,12317.09,23
WC-2018,T-18,Croatia,2018,15,3,4041407,56322449844,13936.35,20
WC-2018,T-22,Denmark,2018,14,1,5764980,332121063806,57610.1,12
WC-2018,T-26,Egypt,2018,3,0,103696057,248362771739,2395.1,45
WC-2018,T-28,England,2018,23,24,55609338,2304927325008,41448.57,12
WC-2018,T-30,France,2018,22,14,66918020,2595151045198,38781.05,7
WC-2018,T-31,Germany,2018,23,22,82657002,3690849152518,44652.59,1
WC-2018,T-37,Iceland,2018,4,0,343400,24728285177,72010.15,22
WC-2018,T-38,Iran,2018,0,0,85026754,486630147094,5723.26,37
WC-2018,T-44,Japan,2018,12,0,126972000,4930837369151,38834.05,61
WC-2018,T-46,Mexico,2018,6,2,123400057,1190721475906,9649.28,15
WC-2018,T-47,Morocco,2018,6,0,35446392,118540573368,3344.22,41
WC-2018,T-50,Nigeria,2018,9,1,200254579,375745731053,1876.34,48
WC-2018,T-54,Panama,2018,0,0,4098707,62202700000,15176.18,55
WC-2018,T-56,Peru,2018,1,0,31324637,211007984081,6736.17,11
WC-2018,T-57,Poland,2018,13,4,37974826,524641252835,13815.5,8
WC-2018,T-58,Portugal,2018,11,1,10300300,221357874719,21490.43,4
WC-2018,T-62,Russia,2018,1,0,145293260,1574199360089,10834.63,70
WC-2018,T-63,Saudi Arabia,2018,0,0,30977355,714994666667,23081.2,67
WC-2018,T-65,Senegal,2018,13,1,15475002,20996562944,1356.81,27
WC-2018,T-66,Serbia,2018,12,0,7020858,44179075779,6292.55,34
WC-2018,T-71,South Korea,2018,4,0,51361911,1623074183502,31600.74,57
WC-2018,T-73,Spain,2018,19,13,46571232,1313245330198,28198.64,10
WC-2018,T-74,Sweden,2018,13,3,10057698,541018749769,53791.51,24
WC-2018,T-75,Switzerland,2018,19,7,8451840,695200833086,82254.38,6
WC-2018,T-79,Tunisia,2018,6,0,11650498,42163530591,3619.03,21
WC-2018,T-84,Uruguay,2018,10,0,3388438,65006047680,19184.66,14
WC-2022,T-03,Argentina,2022,23,10,45312281,487902572164,10767.56,3
WC-2022,T-04,Australia,2022,3,0,25685412,1559033756285,60697.25,38
WC-2022,T-06,Belgium,2022,19,7,11586195,600904461226,51863.83,2
WC-2022,T-09,Brazil,2022,22,15,209550294,1670647399035,7972.54,1
WC-2022,T-11,Cameroon,2022,10,1,26915758,44993521774,1671.64,43
WC-2022,T-12,Canada,2022,4,0,38239864,2007472181464,52496.84,41
WC-2022,T-17,Costa Rica,2022,1,0,5059988,64960725734,12838.12,31
WC-2022,T-18,Croatia,2022,18,0,3878981,69602166351,17943.42,12
WC-2022,T-22,Denmark,2022,19,7,5856733,405687998853,69268.65,10
WC-2022,T-25,Ecuador,2022,7,3,17682454,107435101000,6075.8,44
WC-2022,T-28,England,2022,26,25,56467512,2701695294692,47845.13,5
WC-2022,T-30,France,2022,25,12,67842811,2959355819170,43620.77,4
WC-2022,T-31,Germany,2022,26,34,83196078,4278503934690,51426.75,11
WC-2022,T-32,Ghana,2022,14,1,32518665,79524421861,2445.5,61
WC-2022,T-38,Iran,2022,2,0,88455488,359096907772,4059.63,20
WC-2022,T-44,Japan,2022,12,1,125681593,5034620784585,40058.54,24
WC-2022,T-46,Mexico,2022,6,0,127648148,1313069763987,10286.63,13
WC-2022,T-47,Morocco,2022,14,2,36954442,141817797083,3837.64,22
WC-2022,T-48,Netherlands,2022,14,6,17533044,1029678338329,58727.87,8
WC-2022,T-57,Poland,2022,16,4,36981559,681346077609,18423.94,26
WC-2022,T-58,Portugal,2022,19,12,10361831,255534839406,24661.17,9
WC-2022,T-59,Qatar,2022,0,0,2504910,179732009560,71751.88,50
WC-2022,T-63,Saudi Arabia,2022,0,0,30784383,874156000000,28396.09,51
WC-2022,T-65,Senegal,2022,16,3,17220867,27520784130,1598.11,18
WC-2022,T-66,Serbia,2022,16,11,6834326,63101042898,9232.96,21
WC-2022,T-71,South Korea,2022,2,0,51769539,1818432106880,35125.52,28
WC-2022,T-73,Spain,2022,25,36,47443821,1445651653605,30470.81,7
WC-2022,T-75,Switzerland,2022,17,3,8704546,813408787222,93446.43,15
WC-2022,T-79,Tunisia,2022,5,0,12048622,46812290143,3885.28,30
WC-2022,T-83,United States,2022,13,4,332099760,23594031000000,71045.01,16
WC-2022,T-84,Uruguay,2022,10,1,3396695,60760798596,17888.21,14
WC-2022,T-85,Wales,2022,12,5,3081264,106811209325,34664.74,19
WC-2026,T-01,Algeria,2026,11,1,46814308,239899491128,5124.49,28
WC-2026,T-03,Argentina,2026,20,16,45696159,640591410664,14018.5,1
WC-2026,T-04,Australia,2026,5,1,27196812,1723827215335,63383.43,27
WC-2026,T-05,Austria,2026,16,4,9177982,516034144116,56225.23,24
WC-2026,T-06,Belgium,2026,20,7,11858610,632216577075,53312.87,9
WC-2026,T-08,Bosnia and Herzegovina,2026,5,0,3164253,27054889363,8550.17,64
WC-2026,T-09,Brazil,2026,14,2,211998573,2173665655937,10253.21,6
WC-2026,T-12,Canada,2026,6,1,41288599,2140085567791,51832.36,30
WC-2026,T-90,Cape Verde,2026,1,0,524877,2587252076,4929.25,67
WC-2026,T-16,Colombia,2026,7,1,52886363,363540156235,6873.99,13
WC-2026,T-18,Croatia,2026,17,2,3866200,82688842717,21387.63,11
WC-2026,T-89,Curaçao,2026,0,0,155967,3073840325,19708.27,82
WC-2026,T-20,Czech Republic,2026,7,3,10905028,330858339872,30339.98,40
WC-2026,T-92,DR Congo,2026,11,1,109276265,66383287003,607.48,46
WC-2026,T-25,Ecuador,2026,6,0,18135478,118844826000,6553.17,23
WC-2026,T-26,Egypt,2026,4,0,116538258,395926075163,3397.39,29
WC-2026,T-28,England,2026,25,17,58357518,2872427847375,49221.21,4
WC-2026,T-30,France,2026,24,14,68551653,3030904089608,44213.44,3
WC-2026,T-31,Germany,2026,25,29,83516593,4456081016706,53355.64,10
WC-2026,T-32,Ghana,2026,12,3,34427414,76370394412,2218.3,73
WC-2026,T-34,Haiti,2026,4,0,11772557,19850829758,1686.2,83
WC-2026,T-38,Iran,2026,0,0,91567738,401504514719,4384.78,20
WC-2026,T-39,Iraq,2026,0,0,46042015,250842782139,5448.13,57
WC-2026,T-42,Ivory Coast,2026,12,0,31934230,78788828907,2467.22,33
WC-2026,T-44,Japan,2026,12,0,123975371,4212945159781,33982.11,18
WC-2026,T-91,Jordan,2026,1,0,11552876,50813642349,4398.35,63
WC-2026,T-46,Mexico,2026,5,0,130861007,1788886821047,13670.13,14
WC-2026,T-47,Morocco,2026,15,1,38081173,141109373209,3705.49,7
WC-2026,T-48,Netherlands,2026,22,10,17993485,1118124749886,62140.53,8
WC-2026,T-49,New Zealand,2026,1,0,5287500,253465703232,47936.78,85
WC-2026,T-53,Norway,2026,17,1,5572279,485513316504,87130.12,31
WC-2026,T-54,Panama,2026,0,0,4515577,83382400000,18465.5,34
WC-2026,T-55,Paraguay,2026,4,0,6929153,42956263544,6199.35,41
WC-2026,T-58,Portugal,2026,17,10,10694681,287080013574,26843.25,5
WC-2026,T-59,Qatar,2026,0,0,2857822,235770403735,82500.03,56
WC-2026,T-63,Saudi Arabia,2026,1,0,35300280,1067582933333,30242.9,61
WC-2026,T-64,Scotland,2026,11,1,5607306,250502428550,44674.29,42
WC-2026,T-65,Senegal,2026,20,4,18501984,31013986429,1676.25,15
WC-2026,T-70,South Africa,2026,1,0,64007187,377781600986,5902.17,60
WC-2026,T-71,South Korea,2026,5,0,51751065,1712792854202,33096.77,25
WC-2026,T-73,Spain,2026,26,37,48848840,1580694712516,32358.9,2
WC-2026,T-74,Sweden,2026,14,0,10569709,593267701033,56129.05,38
WC-2026,T-75,Switzerland,2026,23,1,9005582,884940402230,98265.76,19
WC-2026,T-79,Tunisia,2026,7,0,12277109,48529595417,3952.85,45
WC-2026,T-80,Turkey,2026,9,0,85518661,1108022373260,12956.5,22
WC-2026,T-83,United States,2026,13,1,340110988,27360935000000,80447.08,17
WC-2026,T-84,Uruguay,2026,8,0,3386588,77240831587,22807.86,16
WC-2026,T-93,Uzbekistan,2026,1,0,36361859,90889149307,2499.57,50
